Domain,Relevant resolution,Relevant date
deyrep24.ddns.net,50.62.133.49,"November 7th, 2014"
deyrep24.ddns.net,192.169.243.65,"March 3rd, 2015"
daynews.sytes.net,192.169.243.65,"March 3rd, 2015"
daynews.sytes.net,190.20.180.181,"March 1st, 2015"
taskmgr.serveftp.com,190.210.180.181,"August 11th, 2014"
taskmgr.serveftp.com,201.52.24.126,"July 23rd, 2014"
taskmgr.serveftp.com,186.220.1.84,July 11th 2014
taskmgr.servehttp.com,186.220.1.84,"June 24th, 2014"
taskmgr.servehttp.com,201.52.24.126,"July 23rd, 2014"
taskmgr.servehttp.com,186.220.1.84,July 11th 2014
taskmgr.servehttp.com,186.220.11.67,"August 15th, 2014"
taskmgr.redirectme.com,201.52.24.126,"July 23rd, 2014"
taskmgr.redirectme.com,186.220.1.84,July 11th 2014
ruley.no-ip.org,186.220.1.84,July 11th 2014
ruley.no-ip.org,189.100.148.188,"September 6th, 2012"
lolinha.no-ip.org,189.100.148.188,"September 6th, 2012"
wjwj.no-ip.org,189.100.148.188,"September 6th, 2012"
conhost.servehttp.com,186.220.11.67,"August 15th, 2014"
dllhost.servehttp.com,186.220.11.67,"August 15th, 2014"
wjwjwj.no-ip.org,179.208.187.216,"March 25th, 2014"
wjwjwj.no-ip.org,186.220.1.84,"June 24th, 2014"
wjwjwjwj.no-ip.org,179.208.187.216,"March 25th, 2014"
