uuid,event_id,category,type,value,comment,to_ids,date
587fa321-03c8-4bfd-9152-07298e96ca05,57,Network activity,domain,"google-protected.gq","",1,20180116
587fa321-0aa8-4976-9e0b-07298e96ca05,57,Network activity,domain,"httpsaccounts-google.info","",1,20180116
587fa321-1a34-46ff-9a98-07298e96ca05,57,Network activity,domain,"yahoo-safety.com","",1,20180116
587fa321-2abc-4a62-a220-07298e96ca05,57,Network activity,domain,"mail-doubt.com","",1,20180116
587fa321-2c48-4b14-915e-07298e96ca05,57,Network activity,domain,"httpsdrive-accounts-google.site","",1,20180116
587fa321-3998-4684-961b-07298e96ca05,57,Network activity,domain,"gmail-profile.com","",1,20180116
587fa321-3c10-4fdc-98cb-07298e96ca05,57,Network activity,domain,"google-post.com","",1,20180116
587fa321-3dd8-4b9d-a1a9-07298e96ca05,57,Network activity,domain,"t1bet.net","",1,20180116
587fa321-4520-4b40-87c8-07298e96ca05,57,Network activity,domain,"mydrive-google.com","",1,20180116
587fa321-4ab0-4b27-9e1e-07298e96ca05,57,Network activity,domain,"httpsmail-google.cf","",1,20180116
587fa321-5938-4cb4-9b4b-07298e96ca05,57,Network activity,domain,"httpsaccounts-google.pw","",1,20180116
587fa321-6b28-4688-9f8e-07298e96ca05,57,Network activity,domain,"httpsaccounts-google.site","",1,20180116
587fa321-7160-4d05-b9dd-07298e96ca05,57,Network activity,domain,"google-secure.gq","",1,20180116
587fa321-7f20-46c1-9bd2-07298e96ca05,57,Network activity,domain,"accounts-goog1e.com","",1,20180116
587fa321-8128-4bd5-9dbc-07298e96ca05,57,Network activity,domain,"accounts-google.info","",1,20180116
587fa321-8644-420d-b070-07298e96ca05,57,Network activity,domain,"postmailsecret.com","",1,20180116
587fa321-8ac8-4e39-9241-07298e96ca05,57,Network activity,domain,"https-mail-google.gq","",1,20180116
587fa321-8b3c-4300-a70b-07298e96ca05,57,Network activity,domain,"yahoo-protect.com","",1,20180116
587fa321-9df0-4ca1-948f-07298e96ca05,57,Network activity,domain,"accountsgoog1e.info","",1,20180116
587fa321-a0f0-4f2a-9149-07298e96ca05,57,Network activity,domain,"yahoomaintain.com","",1,20180116
587fa321-a574-41cd-932a-07298e96ca05,57,Network activity,domain,"https-mail-google.ml","",1,20180116
587fa321-b674-4ca5-9f07-07298e96ca05,57,Network activity,domain,"httpsdrive-google.pw","",1,20180116
587fa321-be20-4fe3-92f4-07298e96ca05,57,Network activity,domain,"google-secret.com","",1,20180116
587fa321-be78-4001-bb08-07298e96ca05,57,Network activity,domain,"https-drive-google.com","",1,20180116
587fa321-ca80-495e-8d0c-07298e96ca05,57,Network activity,domain,"gmail-safety.pw","",1,20180116
587fa321-cb00-4c50-9a6f-07298e96ca05,57,Network activity,domain,"httpsmyaccounts-google.space","",1,20180116
587fa321-cd40-40b2-aeea-07298e96ca05,57,Network activity,domain,"hotmail-sign.com","",1,20180116
587fa321-d4ec-4a9f-a9cb-07298e96ca05,57,Network activity,domain,"httpsaccounts-google.com","",1,20180116
587fa321-e068-49d4-852b-07298e96ca05,57,Network activity,domain,"yahoo-images.com","",1,20180116
587fa321-eb20-4b18-9740-07298e96ca05,57,Network activity,domain,"httpsdrive-google.site","",1,20180116
587fa322-0718-42ca-a7e2-07298e96ca05,57,Network activity,domain,"mydrive-google.asia","",1,20180116
587fa322-0724-494e-bae1-07298e96ca05,57,Network activity,domain,"drive-accounts-google.com","",1,20180116
587fa322-0730-4b97-aeba-07298e96ca05,57,Network activity,domain,"httpsdrive-google.space","",1,20180116
587fa322-0d88-4d42-8935-07298e96ca05,57,Network activity,domain,"httpsaccounts-drive-google.gq","",1,20180116
587fa322-1618-4702-9a3e-07298e96ca05,57,Network activity,domain,"goog1e.space","",1,20180116
587fa322-2b9c-4091-89e8-07298e96ca05,57,Network activity,domain,"httpsgoogle-drive.gq","",1,20180116
587fa322-3004-4276-9bde-07298e96ca05,57,Network activity,domain,"https-drive-google.cf","",1,20180116
587fa322-323c-4ba6-8fd6-07298e96ca05,57,Network activity,domain,"mydrive-accounts-google.ml","",1,20180116
587fa322-34fc-4f71-a8ba-07298e96ca05,57,Network activity,domain,"https-drive-google.ml","",1,20180116
587fa322-3504-44a3-9617-07298e96ca05,57,Network activity,domain,"mail-accounts-google.online","",1,20180116
587fa322-3948-484b-8f15-07298e96ca05,57,Network activity,domain,"httpsdrive-mail-google.gq","",1,20180116
587fa322-3fb4-4ae1-9474-07298e96ca05,57,Network activity,domain,"myaccounts-google.info","",1,20180116
587fa322-4e2c-43dc-b683-07298e96ca05,57,Network activity,domain,"drivegoogle.biz","",1,20180116
587fa322-5284-467a-af2a-07298e96ca05,57,Network activity,domain,"myaccounts-google.online","",1,20180116
587fa322-56a4-4e03-ad12-07298e96ca05,57,Network activity,domain,"mail-qq.online","",1,20180116
587fa322-5e3c-415c-96c9-07298e96ca05,57,Network activity,domain,"mail-secret.com","",1,20180116
587fa322-5f50-470e-b879-07298e96ca05,57,Network activity,domain,"drive-mail-google.com","",1,20180116
587fa322-7ae4-4613-b3d5-07298e96ca05,57,Network activity,domain,"httpsaccounts-google.ga","",1,20180116
587fa322-7e2c-4594-aa21-07298e96ca05,57,Network activity,domain,"httpsmyaccount-google.info","",1,20180116
587fa322-8410-4810-ac33-07298e96ca05,57,Network activity,domain,"httpsmail-google.ml","",1,20180116
587fa322-90d4-4f92-a61e-07298e96ca05,57,Network activity,domain,"mydrive-google.online","",1,20180116
587fa322-970c-4966-abc9-07298e96ca05,57,Network activity,domain,"drive-accounts-goog1e.cf","",1,20180116
587fa322-a65c-4bd7-8c7d-07298e96ca05,57,Network activity,domain,"myaccountsgoogle.info","",1,20180116
587fa322-b2a4-4870-8b10-07298e96ca05,57,Network activity,domain,"https-drive-google.gq","",1,20180116
587fa322-b494-40f5-844b-07298e96ca05,57,Network activity,domain,"accounts-goog1e.in","",1,20180116
587fa322-b95c-42f0-ab69-07298e96ca05,57,Network activity,domain,"mg-mail-yahoo.us","",1,20180116
587fa322-ba50-47d9-82ba-07298e96ca05,57,Network activity,domain,"httpsdrive-google.net","",1,20180116
587fa322-c228-40b2-b26f-07298e96ca05,57,Network activity,domain,"drive-accounts-gooogle.com","",1,20180116
587fa322-c2c8-4f33-89b8-07298e96ca05,57,Network activity,domain,"httpsmydrive-accounts-goog1e.gq","",1,20180116
587fa322-d4e0-46cf-b549-07298e96ca05,57,Network activity,domain,"microsoft-inc.us","",1,20180116
587fa322-d7c0-431d-935e-07298e96ca05,57,Network activity,domain,"google-drive.gq","",1,20180116
587fa322-d888-4b55-bb55-07298e96ca05,57,Network activity,domain,"httpsaccount-google.gq","",1,20180116
587fa322-dadc-4b51-963d-07298e96ca05,57,Network activity,domain,"files-mail-qq.online","",1,20180116
587fa322-db48-45a2-b841-07298e96ca05,57,Network activity,domain,"https-myaccounts-google.space","",1,20180116
587fa322-e5d0-40eb-bbc4-07298e96ca05,57,Network activity,domain,"drive-accounts-google.ml","",1,20180116
587fa322-ead0-4eae-891e-07298e96ca05,57,Network activity,domain,"drive-mail-google.cf","",1,20180116
587fa322-f124-4da4-b7dc-07298e96ca05,57,Network activity,domain,"myaccounts-google.tk","",1,20180116
587fa322-fb10-4ec5-8f06-07298e96ca05,57,Network activity,domain,"https-drive-accounts-goog1e.cf","",1,20180116
58828772-0390-4cbb-a763-0bbb8e96ca05,57,Network activity,domain,"accounts-google.gq","",1,20180116
58828772-4ec0-4888-a537-0bbb8e96ca05,57,Network activity,domain,"yahoo-secure.tk","",1,20180116
58828772-5bd0-410b-87bf-0bbb8e96ca05,57,Network activity,domain,"mail-google-com.gq","",1,20180116
58828772-5f6c-4ee7-adb7-0bbb8e96ca05,57,Network activity,domain,"yahoo-noreply.tk","",1,20180116
58828772-603c-4ccc-ab02-0bbb8e96ca05,57,Network activity,domain,"google-authorize.gq","",1,20180116
58828772-b108-4592-a9e2-0bbb8e96ca05,57,Network activity,domain,"files-mail-google.ml","",1,20180116
58828772-cac4-4aff-a5cc-0bbb8e96ca05,57,Network activity,domain,"google-settings.ml","",1,20180116
58828772-d120-4619-b0a2-0bbb8e96ca05,57,Network activity,domain,"mail-mg16-yahoo.cf","",1,20180116
58828ebd-afe8-46f2-9782-07298e96ca05,57,Network activity,domain,"gmail-retry.tk","",1,20170120
58828ebd-e824-48c2-888e-07298e96ca05,57,Network activity,domain,"mail-163.tk","",1,20170120
58828ebd-ef30-4937-b5f0-07298e96ca05,57,Network activity,domain,"gmail-secure.tk","",1,20170120
588a5521-f080-4aad-93b1-0bbb8e96ca05,57,Network activity,domain,"accounts-google.cc","",1,20180116
5893a06c-4bd4-4112-97a8-0bbb8e96ca05,57,Network activity,domain,"httpsdocs-google.info","",1,20180116
58b44b3a-c44c-4104-9ec1-53938e96ca05,57,Network activity,domain,"yahoo-verification.us","",1,20180116
58b83e4a-9e80-4357-b4ef-53928e96ca05,57,Network activity,domain,"drive-mail.us","",1,20170302
58b84631-6960-41b3-b7a4-53938e96ca05,57,Network activity,domain,"docs-mail-google.us","",1,20170302
58b98d25-6d24-4081-abae-53928e96ca05,57,Network activity,domain,"login-live.us","",1,20170303
58c2ce5b-4d04-488d-a6c5-53938e96ca05,57,Network activity,domain,"drive-mail.info","",1,20170310
58c676e9-d594-4dcc-8daf-53928e96ca05,57,Network activity,domain,"gooog1e.com","",1,20170313
58c67caf-8e54-40a7-be8a-53928e96ca05,57,Network activity,domain,"drive-goog1e.com","",1,20170313
58c91f4c-dfe8-4639-9ded-53938e96ca05,57,Network activity,domain,"mydrive-mail.asia","",1,20170315
58dbfa91-0c20-4d50-83d8-53938e96ca05,57,Network activity,domain,"accounts-gooog1e.info","",1,20180116
58dbfa91-d540-4a8b-a255-53938e96ca05,57,Network activity,domain,"mail-secret.info","",1,20180116
58dbfabb-3344-4411-ba5c-53938e96ca05,57,Network activity,domain,"myaccounts-mail.com","",1,20180116
58dbfada-dd70-4742-8b09-53928e96ca05,57,Network activity,domain,"yahoo-edit.us","",1,20180116
58dd97e8-44dc-4bc3-ad48-53938e96ca05,57,Network activity,domain,"outlook-login.com","",1,20170330
58dd97e8-ed28-4f49-811e-53938e96ca05,57,Network activity,domain,"account-gooogle.info","",1,20170330
58e2afc8-fb0c-40f7-9da1-53928e96ca05,57,Network activity,domain,"accounts-mail.space","",1,20170403
58e7b5c8-64c0-43cf-a8fd-53928e96ca05,57,Network activity,domain,"accounts-goog1e.info","",1,20170407
58e7b5c8-9a60-4396-b42c-53928e96ca05,57,Network activity,domain,"cc-mail-secret.com","",1,20170407
58e7b5c8-f7f8-49f8-9246-53928e96ca05,57,Network activity,domain,"drive-mail.online","",1,20170407
58eba748-0438-4514-bd1f-53938e96ca05,57,Network activity,domain,"webmail-dalailama.com","",1,20170410
58eba748-1028-4648-a69f-53938e96ca05,57,Network activity,domain,"myaccounts-gooog1e.space","",1,20170410
58eba748-88cc-4103-b1f4-53938e96ca05,57,Network activity,domain,"accounts-gooog1e.space","",1,20170410
58ee49a7-7740-4766-9547-5d828e96ca05,57,Network activity,domain,"mail-aol.space","",1,20170412
58ee4d32-1f88-411b-bbe5-5d828e96ca05,57,Network activity,domain,"mail-epochtimes.space","",1,20170412
58ee553c-4c6c-4fa6-8c2f-5d828e96ca05,57,Network activity,domain,"accounts-email.space","",1,20170412
58efbb0f-19b4-4a87-8f27-5d828e96ca05,57,Network activity,domain,"files-mail.space","",1,20170413
58f90cf2-98f0-4a03-a482-53928e96ca05,57,Network activity,domain,"mail-gooog1e.info","",1,20170420
58f9103e-e3a0-419f-80b8-5d828e96ca05,57,Network activity,domain,"mail-protect.space","",1,20170420
58fe51b3-ae50-45a7-ab7f-53928e96ca05,57,Network activity,domain,"email-163.space","",1,20170424
58fe5290-6718-4a5b-9ec2-5d828e96ca05,57,Network activity,domain,"drive-gooog1e.space","",1,20170424
58fe5c42-db88-4f68-a450-5d828e96ca05,57,Network activity,domain,"mail-attachment-usercontent.space","",1,20170424
5907849c-97a4-4d52-aca1-5d828e96ca05,57,Network activity,domain,"drlve-gooog1e.com","",1,20170501
59078a5c-50a0-44b8-be71-53928e96ca05,57,Network activity,domain,"mail-youxinpai.com","",1,20170501
590cd842-783c-4e0d-9d45-53928e96ca05,57,Network activity,domain,"accounts-gooog1e.asia","",1,20170505
590cd918-792c-4c08-a3f7-53928e96ca05,57,Network activity,domain,"accounts-gooog1e.online","",1,20170505
590cdccf-e228-4406-84c2-5d828e96ca05,57,Network activity,domain,"mail-guazi.space","",1,20170505
590cdff8-7884-467e-88d4-53938e96ca05,57,Network activity,domain,"mail-sina.space","",1,20170505
590ce0f7-43d0-4e1e-9c10-53938e96ca05,57,Network activity,domain,"winupdate.space","",1,20170505
590ce20b-83b4-4cba-9dc7-53938e96ca05,57,Network activity,domain,"ymail-settings.space","",1,20170505
59109412-5e18-4f66-be68-53928e96ca05,57,Network activity,domain,"mail-modular.space","",1,20170508
5910c536-b214-46e2-9385-5d828e96ca05,57,Network activity,domain,"login-live.space","",1,20170508
5910c63a-bc38-4957-b1f0-5d828e96ca05,57,Network activity,domain,"logln-yahoo.com","",1,20170508
5910cb7b-bf90-463b-aba2-5d828e96ca05,57,Network activity,domain,"webmail-mpt.space","",1,20170508
59123c8a-948c-4abd-b79b-5d828e96ca05,57,Network activity,domain,"wengiguowengui.space","",1,20170509
5919cd19-cb28-413f-9b83-53928e96ca05,57,Network activity,domain,"mail-defense.space","",1,20170515
591e040b-ce60-45df-ba1e-5d828e96ca05,57,Network activity,domain,"files-gooog1e.space","",1,20170518
591e0d44-e8b8-4c0e-a959-5d828e96ca05,57,Network activity,domain,"mail-extend.space","",1,20170518
59272a06-6768-4f85-b5f9-5d828e96ca05,57,Network activity,domain,"mail-platform.space","",1,20170525
592c726a-2c78-4466-8ed6-53938e96ca05,57,Network activity,domain,"mail-info.space","",1,20170529
592c7284-ab6c-4d44-9ff1-53938e96ca05,57,Network activity,domain,"drive-goo.space","",1,20170529
59304dd8-2f88-45ab-8a63-5d828e96ca05,57,Network activity,domain,"webmail-dalailama.space","",1,20170601
5935b5e6-6838-4e13-8e4a-53928e96ca05,57,Network activity,domain,"xin-corp.space","",1,20170605
5935b5e6-e930-41fe-9c27-53928e96ca05,57,Network activity,domain,"mail-defend.space","",1,20170605
59396b77-2f9c-40dd-938c-53938e96ca05,57,Network activity,domain,"edit-ymail.space","",1,20170608
59396b77-c09c-4765-aac8-53938e96ca05,57,Network activity,domain,"appinstall-mail.space","",1,20170608
593ee83f-77c8-4e61-8dc0-53928e96ca05,57,Network activity,domain,"myaccounts-gooog1e.com","",1,20170612
59511af6-6c28-42aa-b561-06b28e96ca05,57,Network activity,domain,"accounts-mailbox.space","",1,20170626
595120ce-76a0-4dc0-852e-06b38e96ca05,57,Network activity,domain,"mail-defense.tk","",1,20170626
595d4924-1ce8-45be-b051-06e38e96ca05,57,Network activity,domain,"myapp-gooog1e.com","",1,20180116
595d4924-e9ec-4caa-be6f-06e38e96ca05,57,Network activity,domain,"email-netvigator.info","",1,20180116
595dc225-f7b0-4818-a102-06e38e96ca05,57,Network activity,domain,"mail-dsi-go.space","",1,20170706
595dc260-a7f4-4875-b35b-06e28e96ca05,57,Network activity,domain,"mail-continue.space","",1,20170706
595dc260-e70c-4de7-aac2-06e28e96ca05,57,Network activity,domain,"mail-package.space","",1,20170706
5a15eb13-28c8-45b7-934a-5f708e96ca05,57,Network activity,domain,"drive-accounts-google.ga","",1,20171122
5a15eb13-336c-4698-bda5-5f708e96ca05,57,Network activity,domain,"drive-google.ml","",1,20171122
5a15eb13-5758-40af-b0d2-5f708e96ca05,57,Network activity,domain,"accounts-google.co.in","",1,20171122
5a15eb13-7070-44b6-a867-5f708e96ca05,57,Network activity,domain,"gmail-relation.tk","",1,20171122
5a15eb13-7720-47c6-8c44-5f708e96ca05,57,Network activity,domain,"docs-mail.space","",1,20171122
5a15eb13-82fc-4c1c-b200-5f708e96ca05,57,Network activity,domain,"drive-google.cf","",1,20171122
5a15eb13-8b7c-47c4-9bca-5f708e96ca05,57,Network activity,domain,"dalailama.space","",1,20171122
5a15eb13-a0ac-44d1-97d8-5f708e96ca05,57,Network activity,domain,"drive-google.me","",1,20171122
5a15eb13-d054-4b3d-8577-5f708e96ca05,57,Network activity,domain,"drive-google.space","",1,20171122
5a15eb13-eb0c-48d0-a98d-5f708e96ca05,57,Network activity,domain,"epochtimes.space","",1,20171122
5a15eb13-ef74-4ea4-9173-5f708e96ca05,57,Network activity,domain,"drive-google.gq","",1,20171122
5a15eb14-0558-4518-ac84-5f708e96ca05,57,Network activity,domain,"google-sign.tk","",1,20171122
5a15eb14-1170-4c82-a6d3-5f708e96ca05,57,Network activity,domain,"https-google-drive.ml","",1,20171122
5a15eb14-1884-4430-8e51-5f708e96ca05,57,Network activity,domain,"https-my-accounts-google.gq","",1,20171122
5a15eb14-314c-4df1-a63c-5f708e96ca05,57,Network activity,domain,"gmail-ssl.tk","",1,20171122
5a15eb14-595c-4990-a1e2-5f708e96ca05,57,Network activity,domain,"httpsdrive-myaccounts-google.cf","",1,20171122
5a15eb14-5bd8-4238-ae27-5f708e96ca05,57,Network activity,domain,"myaccounts-google.space","",1,20171122
5a15eb14-755c-4d9e-9a18-5f708e96ca05,57,Network activity,domain,"mail-status.com","",1,20171122
5a15eb14-7acc-436d-a895-5f708e96ca05,57,Network activity,domain,"tibet-office.net","",1,20171122
5a15eb14-853c-4a10-a97f-5f708e96ca05,57,Network activity,domain,"httpsdrive-google.gq","",1,20171122
5a15eb14-9ebc-4d27-89de-5f708e96ca05,57,Network activity,domain,"my-office.cf","",1,20171122
5a15eb14-9ed0-4a34-ae55-5f708e96ca05,57,Network activity,domain,"google-issue.tk","",1,20171122
5a15eb14-9f00-4534-a69f-5f708e96ca05,57,Network activity,domain,"yahoo-device.tk","",1,20171122
5a15eb14-a634-40f6-9cc0-5f708e96ca05,57,Network activity,domain,"mydrive-google.space","",1,20171122
5a15eb14-b000-4b12-af5f-5f708e96ca05,57,Network activity,domain,"mail-secret.online","",1,20171122
5a15eb14-b3ec-4060-a321-5f708e96ca05,57,Network activity,domain,"httpsaccounts-google.cf","",1,20171122
5a15eb14-c00c-4bab-83dc-5f708e96ca05,57,Network activity,domain,"mail-guazi.com","",1,20171122
5a5e58ea-2fe8-495b-89d6-06de8e96ca05,57,Network activity,domain,"phpinfo.pw","",1,20180116
5a5e59b5-adf0-4031-80bb-06de8e96ca05,57,Network activity,ip-dst,"45.63.0.49","",1,20180116
5a5e59b5-c328-49e9-9334-06de8e96ca05,57,Network activity,ip-dst,"115.126.39.107","",1,20180116
5a5e59b5-fc40-4c1d-8e76-06de8e96ca05,57,Network activity,ip-dst,"104.207.132.165","",1,20180116
5a5e6617-3c34-41c1-9a1d-09238e96ca05,57,Network activity,domain,"www.drive-mail.us","",1,20180116
5a5e6617-6b6c-4c4e-8981-09238e96ca05,57,Network activity,domain,"accounts.gooog1e.com","",1,20180116
5a5e6617-8fb0-45a7-b730-09238e96ca05,57,Network activity,domain,"www.google-sign.tk","",1,20180116
5a5e6617-9444-4079-ad77-09238e96ca05,57,Network activity,domain,"drive.postmailsecret.com","",1,20180116
5a5e6617-9f1c-4e58-add8-09238e96ca05,57,Network activity,domain,"www.gmail-profile.com","",1,20180116
5a5e6617-b918-45a8-a427-09238e96ca05,57,Network activity,domain,"webmail.postmailsecret.com","",1,20180116
5a5e6617-c6e4-4925-b6ef-09238e96ca05,57,Network activity,domain,"www.yahoo-verification.us","",1,20180116
5a5e6617-cab0-4c5c-b2d3-09238e96ca05,57,Network activity,domain,"www.drive-mail.online","",1,20180116
5a5e6617-de24-4be4-989c-09238e96ca05,57,Network activity,domain,"www.drive-mail.info","",1,20180116
5a5e6617-ed6c-4dc4-9ef0-09238e96ca05,57,Network activity,domain,"www.login-live.us","",1,20180116
5a5e6618-0500-41e5-b930-09238e96ca05,57,Network activity,domain,"webmail.dalailama.space","",1,20180116
5a5e6618-3184-4bb3-8947-09238e96ca05,57,Network activity,domain,"www.drlve-gooog1e.com","",1,20180116
5a5e6618-37a8-4ec6-88ca-09238e96ca05,57,Network activity,domain,"drive.accounts-gooog1e.online","",1,20180116
5a5e6618-545c-4112-8d51-09238e96ca05,57,Network activity,domain,"https.drive-google.gq","",1,20180116
5a5e6618-7c7c-4624-8a90-09238e96ca05,57,Network activity,domain,"drive.gooog1e.com","",1,20180116
5a5e6618-8c7c-4664-9f5a-09238e96ca05,57,Network activity,domain,"myaccount-mail.com","",1,20180116
5a5e6618-baa4-404c-842e-09238e96ca05,57,Network activity,domain,"www.mail-attachment-usercontent.space","",1,20180116
5a5e6618-be5c-43ac-9491-09238e96ca05,57,Network activity,domain,"drive.myaccount-mail.com","",1,20180116
5a5e6618-e1f8-4f65-b342-09238e96ca05,57,Network activity,domain,"www.mail-protect.space","",1,20180116
5a5e6618-e678-425a-bb9f-09238e96ca05,57,Network activity,domain,"drive.mail-status.com","",1,20180116
