date,domain,ip
2010-03-18,www.cfcr2008.org,
2010-04-21,www.humanrights.betrunken.org,
2010-04-28,tcw.homier.com,69.95.255.29
2010-06-03,vwnkuonnu.shegrass.ru,
2010-06-03,yuming51.gicp.net,
2010-09-03,travel.libdata.net,
2010-09-28,www.globalresearchcenter.deutschland.us,78.46.103.45
2010-10-25,www.safereturn.org,205.159.83.22
2010-11-15,b1xgr.9hz.com,
2011-01-06,google-mail.dyndns.org,113.28.117.3
2011-02-27,bladfree001.gotoip2.com,
2011-03-01,163compage.gicp.net,113.240.235.4
2011-03-01,www.atlanticinkjet.com,208.118.244.32
2011-03-01,mailsvr.host.zgrweb.com,
2011-03-02,,222.186.9.51
2011-03-02,mailservio.com,112.121.183.187
2011-04-24,login.yahoo.lflink.com,
2011-05-02,meyozisu.t35.com,
2011-05-17,newsupdates.dyndns.org,
2011-05-31,yahoo.serveblog.net,
2011-06-15,mychensbistro.com,63.146.2.215
2011-06-17,mai1server.com,218.241.158.52
2011-07-15,freetibet.dyndns.org,1.226.84.54
2011-08-08,iri.conference.to,
2011-08-11,www.tools-update.com,50.6.25.217
2012-01-23,tatsoulspearman.co.uk,
2012-02-13,leifile.w6.8868.in,98.126.93.146
2012-02-27,www.eaglesey.com,120.50.35.46
2012-02-29,bailianlan.b.dwyu.com,
2012-03-05,,66.85.185.250
2012-03-06,www.gladallinone.com,110.34.169.170
2012-03-07,tibet.society.minidns.net,
2012-03-07,sft.convio.net,69.48.252.146
2012-03-08,freetibetan.hostsreport.com,100.42.218.214
2012-03-09,wroclaw.scieron.com,66.85.185.225
2012-03-12,admarkgroupinc.net,208.109.22.74
2012-03-14,www.firebirdonline.com,70.102.51.227
2012-03-27,bailianlan.u0202.cloudplan.info,70.39.103.168
2012-04-02,www.zca.org,161.58.179.221
2012-04-03,canada-domain-registrar.com,69.90.162.225
2012-04-12,jk34464.hyperphp.com,
2012-04-16,,66.85.185.237
2012-04-20,tashidelek.25u.com,
2012-04-21,contactun.scieron.com,
2012-04-24,savetibet.hopto.org,
2012-05-25,docs.google.com,
2012-06-03,,115.160.188.246
2012-06-04,ohommes.com,
2012-06-18,finances.b-mstorage.com,98.126.88.58
2012-06-19,arcelite.com,66.33.197.62
2012-06-27,www.dns-login-security.iego.net,
2012-06-28,,203.126.118.105
2012-07-02,www.wlbd.net,74.86.170.14
2012-07-23,kalwagi.pl,
2012-08-22,,208.118.244.165
2012-08-28,,217.68.23.131
2012-08-28,wolfandeagle.co.uk,
2012-08-28,tibet-media-center.ikwb.com,108.171.211.144
2012-09-19,,62.39.109.21
2012-10-09,www.iosnap.com,74.208.237.27
2012-10-15,servergoogle.com,174.121.35.156
2012-10-15,www.lawnmowersinherefordshire.co.uk,209.235.144.9
2012-10-15,s249839114.onlinehome.us,74.208.129.63
2012-11-05,reports.usarf.org,216.99.151.83
2012-11-07,www.streekreclame.nl,95.211.71.2
2012-11-08,fexnws.com,
2012-11-08,www.dwarkaexpresswayprojects.com,
2012-12-10,idiradio.com,
2012-12-10,anifkailood.ru,
2012-12-11,restaurant-chicagos.ro,
2013-01-08,www.rotaliana.com,
2013-01-14,,203.135.128.234
2013-01-16,,87.237.15.134
2013-01-16,media.newmexicoculture.org,164.64.52.197
2013-03-12,guioahgl.ru,
2013-03-12,heelicotper.ru,
2013-03-12,transforyou.cn,58.215.64.147
2013-03-15,,125.141.149.46
2013-03-26,rockrider.org,184.168.221.58
2013-04-11,news.myvnc.com,202.44.34.75
2013-05-30,www.bestbrk.com,61.19.248.24
2013-05-30,support.gmailservices.com,59.188.239.14
2013-06-10,,208.112.71.246
2013-06-26,down.daum3.net,61.189.7.5
2013-08-03,smartsolarsolutions.net,184.107.30.72
2013-08-06,www.alkilic.com,212.98.232.240
2013-08-14,docs.google.com.publicvm.com,78.129.222.110
2013-08-22,diyet.xn--kadn-nza.net,62.75.220.15
2013-09-27,ww97.cldmailbox.com,68.168.25.25
2013-09-27,,67.220.74.153
