first_seen,domain,ip,query
2009-10-14,groups.google.com,173.194.72.100,GET /group/sunnyguoguo/feed/rss_v2_0_msgs.xml
2009-11-10,nyralang.zyns.com,,GET /album/index.htm HTTP/1.1 User-Agent: Mozilla/4.0 (compatible; MSIE 6.0; Windows NT 5.1) Host: nyralang.zyns.com Cache-Control: no-cache
2009-11-24,np6.dnsrd.com,202.67.197.196,
2009-12-03,,68.89.135.192,"GET http://68.89.135.192:443/?\x08PJKHSVSF HTTP/1.1 Host: 68.89.135.192:443 User-Agent: Mozilla/5.0 (Windows; U; Windows NT 5.1; en-US; rv:1.9.0.1) Accept: text/html,application/xhtml+xml,application/xml;*/* Accept-Language: en-us Connection: Keep-Alive Keep-Alive: 1800 Proxy-Connection: Keep-Alive"
2009-12-07,,131.118.211.19,"GET http://131.118.211.19:443/?.NKVBCSMY HTTP/1.1 Host: 131.118.211.19:443 User-Agent: Mozilla/5.0 (Windows; U; Windows NT 5.1; en-US; rv:1.9.0.1) Accept: text/html,application/xhtml+xml,application/xml;"
2009-12-22,,114.41.124.226,GET /main/index.htm HTTP/1.1 User-Agent: Mozilla/4.0 (compatible; MSIE 6.0; Windows NT 5.1) Host: at.epac.to Cache-Control: no-cache
2009-12-22,at.epac.to,114.41.120.69,GET /main/index.htm HTTP/1.1 User-Agent: Mozilla/4.0 (compatible; MSIE 6.0; Windows NT 5.1) Host: at.epac.to Cache-Control: no-cache
2009-12-31,,59.175.238.82,
2010-01-20,,202.153.103.82,
2010-01-20,,202.65.212.21,
2010-02-21,,61.132.74.68,
2010-03-18,360liveupdate.com,117.85.48.157,
2010-03-18,ns.dns3-domain.com,125.34.39.47,
2010-03-24,betterpeony.com,118.192.28.122,GET /xiazai/Rtserver.exe HTTP/1.1
2010-03-24,,63.156.206.202,
2010-04-28,trading.armed.us,,
2010-04-28,freetrade.allowed.org,,
2010-04-28,ewplus.com,204.14.88.45,
2010-04-29,qw.irc.su,61.221.67.184,
2010-04-30,akashok.w63.1860host.com,69.43.161.162,GET /wl/netpass.asp?action=gettext HTTP/1.0
2010-04-30,ww2.akashok.w63.1860host.com,204.13.161.108,GET /wl/netpass.asp?hostid=...&hostname=...&hostip=...^filename=18155523-sys.log&filestart=0&filetext=begin::...
2010-05-06,softjohn.ddns.us,,
2010-05-11,www.drag2008.com,110.34.193.13,GET /np/netpass.asp?hostid=3488C6F6&hostname=FAMILYPC&hostip=&filename=24142750-sys.log&filestart=0&filetext=begin::AADwAzeaCQSKJBCGQQBoBA4RCJC4IkQByMQ2EQsBwf2cfy3LNQEQfSkwDhoD2ABCIQ70CoLBgOBoFBoM5ghEDhAKAvEfM8HBEB9vxoIAaGhjzW6nhQAgoGxZ6PP0vPxSddhKSghOfVaEgaDZjCnxVoBAYSBYV6ZwGDgL0ghEAgwLAQN8vcRgYGgADiMYC/xNA2CAD6gYBoCD-yaDQoEqAeEdBoSA4MyZ8zqYoFCM3unDDMF5VQD8TViPU2qADCAJ5twGC4PCWOjm-jUViwai0
2010-05-11,travelglobe.gicp.net,,
2010-05-11,test.3322.org.cn,,
2010-05-11,1.test.3322.org.cn,,
2010-05-11,2.test.3322.org.cn,,
2010-05-11,3.test.3322.org.cn,,
2010-05-11,4.test.3322.org.cn,,
2010-05-11,bc1516.7766.org,218.9.170.17,
2010-05-19,maill-login.gicp.net,50.117.115.89,
2010-06-09,paulpierce.3322.org,125.114.183.121,
2010-06-10,nbsstt.3322.org,221.130.179.36,
2010-06-20,sake1963.blogdns.net,,
2010-06-24,tp.jeepworker.com,204.93.130.138,GET /3283/x1y5y4x5zz/QMzx/x5xxz4319973/mxiz HTTP/1.1
2010-06-28,dnstrans.myddns.com,,
2010-07-05,chin09.vicp.net,163.121.136.37,
2010-07-07,softmy.jkub.com,,
2010-07-08,luckstarttt.wordpress.com,76.74.254.120,GET /feed/ HTTP/1.1
2010-07-08,,38.109.38.205,POST /xd/all/php HTTP/1.1
2010-07-14,sunnyday.cwahi.net,8.21.33.222,POST /zzzz/mm.php HTTP/1.1
2010-08-03,msupdate02.selfip.info,,
2010-08-03,msupdate02.selfip.com,,
2010-08-05,ourhappylife.sosblog.com,173.192.55.98,GET /The-first-blog-b1/RSS-b1-rss2-posts.htm HTTP/1.1
2010-08-05,www.cwahi.net,8.21.33.212,GET / HTTP/1.1
2010-08-10,overlook.uk.to,,GET /postinfo.html HTTP/1.1 User-Agent: MAC OS X86 Host: overlook.uk.to
2010-08-10,ubuntuguru.strangled.net,,GET /postinfo.html HTTP/1.1 User-Agent: MAC OS X86 Host: ubuntuguru.strangled.net
2010-08-24,myjmpure.wordpress.com,,GET /feed/ HTTP/1.1
2010-08-24,article.shop.co,,POST /shopping/newindex/php HTTP/1.1
2010-08-24,johnsmith154.typepad.com,,GET /blog/rss.xml HTTP/1.1
2010-09-13,shineomg.dynalias.com,,
2010-09-14,yunmengluosuo.dynalias.org,,
2010-10-15,www.net-ant.com,23.23.232.244,
2010-10-26,angelwings100.wordpress.com,,GET /feed/?rss=1 HTTP/1.1
2010-10-26,pemohra.typepad.com,204.9.177.195,GET /blog/rss.xml HTTP/1.1
2010-10-26,angelwing005.blogspot.com,,GET /feeds/posts/default?alt=rss HTTP/1.1
2010-11-03,mail.tvcaotw.com,,
2010-11-03,tv.tvcaotw.com,,
2010-11-04,www.europa.freetcp.com,,
2010-11-04,www.voanews.proxydns.com,,
2010-11-08,zara-zarasara.blogspot.com,,GET /feeds/posts/default?alt=rss HTTP/1.1
2010-11-08,fw.dnslink.com,209.15.13.134,GET /?&publicid=72b67aeb-32ba-4635-be5a-30d584ab8336&domainname=dwyu.com HTTP/1.1
2010-11-10,softwareupdate.8866.org,119.75.218.45,POST /index000000157.asp HTTP/1.1
2010-11-19,xinxin20080628.gicp.net,114.60.106.156,
2010-11-19,,116.226.49.148,POST /index000001102.asp
2010-11-24,litong38.sosblog.com,69.175.21.131,
2010-11-24,web1010.ixwebhosting.com,173.83.110.2,
2010-11-26,www.holyplateau.com,203.198.145.45,POST http://www.holyplateau.com:443/index.php HTTP/1.0
2010-11-30,www.microsoft.acmetoy.com,58.64.153.157,
2010-12-02,,60.167.78.229,POST /index000000001.asp HTTP/1.1
2010-12-04,ace.mailru-vip.com,173.212.195.216,GET /trandocs/netstat HTTP/1.1
2010-12-04,home.mailru-pro.com,,GET /trandocs/netstat HTTP/1.1
2010-12-04,xphlp.ymail-vip.com,,GET /trandocs/netstat HTTP/1.1
2010-12-07,hk.myblog.yahoo.com,,GET /yangch.tsering/rss HTTP/1.1
2010-12-07,blog.sina.com.cn,,GET /rss/yangchabc.xml HTTP/1.1
2010-12-07,,222.77.70.238,
2010-12-15,zeropan007.3322.org,116.253.37.26,
2010-12-19,kobejames.dyndns.info,,
2010-12-28,defindnews.com,109.123.123.151,GET /trandocs/netstate HTTP/1.1 Host: defindnews.com Cache-Control: no-cache
2011-01-06,globalization.interiorgov.net,,
2011-01-09,,208.47.254.34,
2011-01-12,webmailsvr.com,,
2011-01-14,www.consilium.dnset.com,,
2011-01-14,www.consilium.proxydns.com,113.10.246.30,
2011-01-21,,208.47.254.75,
2011-01-24,gecko.jkub.com,,
2011-01-25,connectsexy.dns-dns.com,,
2011-01-26,live-hotmail.gicp.net,50.117.115.90,
2011-01-26,yiranfeiyang1981.3322.org,61.158.167.251,
2011-01-29,googleupdate2011.dyndns.org,,
2011-01-30,happyljh.meibu.com,173.252.253.38,
2011-02-09,,175.43.189.147,
2011-02-10,sociapub.flower-show.org,14.102.252.142,
2011-02-22,jxzdmm.changeip.net,216.99.157.44,
2011-02-23,,192.168.245.130,
2011-02-23,,208.47.254.24,
2011-02-23,,208.47.254.65,
2011-03-05,admin.dd.blueline.be,,
2011-03-08,mail.loveargon.com,75.125.193.54,
2011-03-08,www.hiserviceusa.com,66.165.122.73,
2011-03-09,gradolab.dyndns.org,,
2011-03-09,set.yandex-vip.com,69.43.161.167,GET /trandocs/netstat HTTP/1.0
2011-03-15,lovechinesepeop.gnway.net,,/phpbb/img03/cssex/update.exe
2011-03-15,cpro.baidu.com,,/cpro/ui/c.js
2011-03-21,vistaupdate.dyndns.org,,
2011-03-22,systemsystem.dyndns.org,,
2011-04-07,phile.3322.org,,
2011-04-07,bailianlan.c.dwyu.com,,
2011-04-14,verifyupdate.dyndns.org,,
2011-04-15,www.dhcpserver.ns01.us,,
2011-04-15,www.dnsserver.ns01.us,,
2011-04-15,www.hq.dsmtp.com,,
2011-04-15,www.hq.dynssl.com,,
2011-04-15,www.msnet.freetcp.com,,
2011-04-15,www.msnet.proxydns.com,,
2011-05-02,liveupdated.dyndns.org,,
2011-05-03,18p2p.com,210.6.90.211,
2011-05-05,mypuresm.blogspot.com,,
2011-05-19,xunmengluosuo.freetcp.com,209.145.32.76,
2011-05-24,windowsupdate.dyndns.info,,
2011-05-31,tarmu.marod.ru,,
2011-06-08,lyle.changeip.org,,
2011-06-08,tibet.zyns.com,,POST /DkwiPFyokX18136.dat HTTP/1.1
2011-06-08,yahoo.xxuz.com,,
2011-06-16,www.newjerseyboy.net,184.105.178.92,POST http://www.newjerseyboy.net:80/index.php HTTP/1.0
2011-06-27,liveservices.dyndns.info,,
2011-06-30,coupon.dyndns.org,,
2011-06-30,upgrade.support-microsoft.net,,
2011-07-06,appleboy1111.blogspot.com,72.14.204.132,GET /feeds/posts/default?alt=rss HTTP/1.1
2011-07-06,www.duojee.info,173.231.46.149,POST /soom/cont.php HTTP/1.1
2011-07-06,www.tbtsociety.info,216.83.45.18,POST /9527/9527.php
2011-07-07,sucustoms.dyndns.info,,
2011-07-11,deepinlife.dyndns.info,,
2011-07-22,liveservices.dyndns.tv,,LURK0
2011-07-26,,180.178.53.37,
2011-07-29,saveworld.gicp.net,123.147.81.121,POST /index000000001.asp HTTP/1.1
2011-08-04,creatmutext.dyndns-wiki.com,,
2011-08-08,,143.89.35.19,/8836.html
2011-08-11,antivirus-groups.com,74.82.166.205,
2011-08-18,mails.iego.net,,
2011-08-30,qisemaomaochong.gicp.net,117.36.4.207,
2011-09-02,baike.baidu.com,,/view/218842.htm
2011-09-23,www.teklimakan.org,,
2011-10-24,mail.cis-minsk.org,,
2011-10-28,adminlog.effers.com,,
2011-11-01,creatnimei.dyndns-wiki.com,95.154.204.210,
2011-11-17,webmonder.gicp.net,203.124.14.21,
2011-11-17,tibet.my03.com,66.85.128.205,POST /cgi-bin/CMS_SubitAll.cgi
2011-11-21,,59.20.13.5,
2011-12-03,hint1.zapto.org,,GET /1411.functions HTTP/1.1
2011-12-05,windowsupdated.scieron.com,,
2011-12-10,versiontt.no-ip.org,59.188.5.19,
2011-12-21,dtl.dnsd.me,74.121.191.200,
2011-12-22,,204.134.116.229,
2012-01-04,,58.64.153.138,/rss.php
2012-01-31,,180.169.28.58,
2012-02-07,proxy.russia-mid.com,203.239.31.230,index.htm?q7q36Zvq4un16u3j9enr7-Xu6vq6ejv7u3s4Lr6g[[&Length=0
2012-02-13,,61.178.77.98,
2012-02-16,www.usciro.com,198.15.106.172,GET http://www.usciro.com:443/cxgid/familypc/251659781/2516597810/index.php
2012-02-16,note.webmail-temp.com,109.123.119.206,GET /trandocs/netstat HTTP/1.0
2012-02-23,mail.miyazakihousou.com,112.213.126.18,/cxgid/dainzin-ttt/251789322/2517893220/index.php
2012-02-24,,188.241.115.41,
2012-02-27,pe.videosexgame.com,38.73.82.121,
2012-02-27,vport.videosexgame.com,86.10.10.7,
2012-03-02,,208.115.230.76,/test.mp4
2012-03-04,johnnees.rkntils.10dig.net,69.162.71.254,
2012-03-06,mail.hiserviceusa.com,112.213.126.118,
2012-03-08,tibetannews.hostsreport.com,,
2012-03-08,tibetannews.do-invalid.com,,
2012-03-08,tibetannews.office-sevice.com,,
2012-03-10,itsec.iecp.net,,
2012-03-12,dtl.eatuo.com,74.121.190.38,
2012-03-14,www.sbspc.com,70.102.51.227,GET /images/device_help.asp?device_t=1425382575&key=rngdlxky&device_id=help&cv=rngdlxkyavszqzibb HTTP/1.1
2012-03-15,ie.ielocaldisk.com,,
2012-03-15,sys.mediamov.com,,
2012-03-16,server.universityexp.com,113.10.223.171,/WinNT5.1.2600@dainzin-ttt@10.0.2.15bc
2012-03-27,rtx556.onedumb.com,199.192.152.100,
2012-03-31,www1.bacguarp.com,,
2012-04-10,,119.42.150.125,
2012-04-15,adobe.homenet.org,195.234.171.21,
2012-04-26,report2.spring.freeTCP.com,173.252.224.210,GET /s/asp?fAAAAEuFF8mu77ObFMNFjAyOMt7WNjAHj7UDxoA3nAryAJnwB3LnNp7FNzEdCPw=p=1 HTTP/1.1 User-Agent: Mozilla/4.0 (compatible; ) Accept: / Host: 173.252.224.210
2012-04-28,,59.44.49.88,
2012-05-04,www.xiuxiu.in,173.231.22.201,POST /im/linux.php
2012-05-09,mail.redeprotection.com,96.44.150.218,
2012-05-11,systen.windowsdeupdate.com,98.126.14.13,
2012-05-16,wei.netserver100.com,123.254.111.187,
2012-05-17,news.oohatoo.com,72.8.150.24,GET /blank.html
2012-05-17,apt-qq.com,219.101.137.195,
2012-05-17,,203.73.118.253,GET /blank.html HTTP/1.1 User-Agent: Microsoft Internet Explorer FAMILYPC Connection: Keep-Alive Cache-Control: no-cache Host: 203.73.118.253
2012-05-21,sixday.wikaba.com,101.78.151.104,
2012-05-22,new.edamobile.com,58.64.200.114,POST /update?id=00135a48
2012-05-27,alabaihe.xxxy.info,184.22.212.155,
2012-05-27,gackthyde.xxxy.info,,
2012-06-05,,61.176.218.11,
2012-06-06,kxmyt.us,68.68.39.144,GET getnewv.php?keyword=google&id=19378
2012-06-07,codfarmail.com,199.36.73.124,POST /ext6/all.php HTTP/1.0 
2012-06-07,peterwilliam12310.blog.com,195.170.168.1,
2012-06-07,cheney1567.wordpress.com,72.233.69.6,
2012-06-07,tsomojigme.blog.163.com,123.58.180.8,
2012-06-15,,114.142.147.51,
2012-06-28,dplcoopsociety.us.dwyu.com,184.82.238.34,POST /im/linux.php
2012-07-02,www2.exainc.com,67.228.170.150,
2012-07-02,leaf.exainc.com,195.200.165.147,
2012-07-02,store.exainc.com,128.241.27.46,
2012-07-04,newwolfs21.blog.163.com,61.135.253.204,GET /rss/ HTTP/1.0
2012-07-04,newwolfs29.mezoka.com,209.190.24.9,POST /kkkk/desperado.php HTTP/1.0
2012-07-07,freetibb.51vip.biz,123.120.99.170,
2012-07-09,zm1.x.gg,78.46.103.46,POST http://zm1.x.gg/im/linux.php
2012-07-09,newwolfs29.zxq.net,67.220.217.232,GET /winxp.rar HTTP/1.1
2012-07-09,newwolfs21.mezoka.com,209.190.24.3,POST /mits/logon.php HTTP/1.1
2012-07-12,plugin.bbconlines.com,114.248.94.184,
2012-07-24,home.coffeeibus.com,174.139.180.250,POST /8jwpc/odw3ux HTTP/1.1
2012-07-25,gen2012.eicp.net,209.11.241.144,
2012-07-31,apple.iphonesyslog.com,123.120.119.242,
2012-07-31,,50.115.129.154,
2012-08-08,wings.coffeeibus.com,199.192.153.79,POST /8jwpc/odw3ux HTTP/1.1
2012-08-28,learn.linuxd.net,79.99.26.183,POST /12019903.asp HTTP/1.1
2012-08-28,,184.82.34.118,
2012-09-05,oracledata.ns01.us,,GET /index.aspx?i=9lgCHo3QxYtvfBfgooA0WXyW6VLzK4iQPts5od%2FzwXw%3D HTTP/1.1
2012-09-07,,61.178.77.158,
2012-09-08,,103.246.245.177,CCTV0
2012-09-11,mailser588.com,207.204.232.191,
2012-09-11,ducaizhe2004.3322.org,221.210.177.49,
2012-09-11,,113.10.239.107,
2012-10-17,,173.195.1.50,
2012-10-26,,58.64.158.248,
2012-10-26,,222.174.215.162,CONNECT 222.174.215.162:8081 HTTP/1.0 Proxy-Authorization: Basic dnBudXNlcjE6dnBuIUAxNjM=
2012-11-02,itsec.eicp.net,1.203.31.195,POST /9901000000/log HTTP/1.1
2012-11-05,,66.228.132.8,
2012-11-05,ash22ld.compress.to,67.229.53.75,
2012-11-05,godexp.mailserver.com,,
2012-11-05,tradeproject.rlogin.org,208.91.197.216,
2012-11-05,gogotrade.apple.org.ru,216.8.179.25,
2012-11-05,,68.96.31.136,
2012-11-05,usa.usajusaj.org,180.169.33.58,/video.html
2012-11-19,freeavg.sytes.net,173.195.1.24,
2012-11-19,mychangeip1.ddns.info,110.152.229.247,
2012-12-06,tbwm.wlyf.org,,
2012-12-10,,216.83.60.142,
2012-12-18,www.tbtworld.info,,POST /im/linux.php
2012-12-22,jinyuan2011.zapto.org,123.129.19.145,
2013-01-07,coremail.info,198.74.124.3,/update.aspx
2013-01-07,laraider2.he1.ifreeurl.com,46.21.152.227,POST /config/tsoc.php HTTP/1.0
2013-01-08,active.ayuisyahooapis.com,220.226.22.212,/images/header.php?000693e8ah8du0vg08002733009FDQpDOlxEb2N1bWVudHMgYW5kIFNldHRpbmdzXHRlc3RlclxEZXNrdG9wPmlwY29uZmlnIC9hbGwgDQoNCkM6XERvY3VtZW50cyBhbmQgU2V0dGluZ3NcdGVzdGVyXERlc2t0b3A+bmV0IHN0YXJ0IA0KDQpDOlxEb2N1bWVudHMgYW5kIFNldHRpbmdzXHRlc3RlclxEZXNrdG9wPm5ldHN0YXQgLWFuIA0KDQpDOlxEb2N1bWVudHMgYW5kIFNldHRpbmdzXHRlc3RlclxEZXNrdG9wPm5ldCB2aWV3IC9kb21haW4gDQoNCkM6XERvY3VtZW50cyBhbmQgU2V0dGluZ3NcdGVzd
2013-01-14,,203.124.14.9,
2013-01-14,admin.er1620.com,195.67.19.98,
2013-01-15,jinyuan2012.zapto.org,27.98.204.226,
2013-01-16,android.uyghur.dnsd.me,192.80.148.22,
2013-01-16,newwofs34.dynamic-dns.net,211.40.125.139,/31311/31311.php
2013-01-16,virus.beamflash.com,,
2013-01-18,www.guzhijiaozihaha.net,,
2013-01-24,,46.4.179.250,
2013-01-24,,61.178.77.250,
2013-01-27,forum.livetldownload.com,192.210.58.103,
2013-01-31,www.dimag-giantpale.it,77.238.27.169,GET /wbA.exe HTTP/1.0
2013-01-31,www.indonesiascuba.com,70.39.250.82,GET /utosi1bw.exe HTTP/1.0
2013-01-31,patentanwalt-baden.de,178.63.89.203,GET /JMipx.exe HTTP/1.0
2013-01-31,cloud.social-neos.eu,,POST /ponyb/gate.php HTTP/1.0
2013-01-31,eyon-neos.eu,,POST /ponyb/gate.php HTTP/1.0
2013-01-31,quest.social-neos.eu,,POST /ponyb/gate.php HTTP/1.0
2013-02-15,avginternet.sytes.net,95.154.215.59,
2013-02-19,forum.mercifulland.com,113.10.166.105,
2013-02-22,forummersedec.ru,78.158.28.12,GET /forum/links/column.php HTTP/1.1
2013-02-22,,79.142.33.21,POST /HQRBAAAAAAA/dkID+BAAA/aU+B+B/ HTTP/1.1
2013-02-22,,203.114.112.156,POST /asp/intro.php HTTP/1.0
2013-03-04,,198.15.69.106,GET /s1.vbs
2013-03-13,lob131313.skyrock.com,91.203.184.192,GET /rss.xml
2013-03-13,sugersuger.thoughts.com,174.129.212.2,GET /feed
2013-03-13,lobsang362.wordpress.com,72.233.2.58,GET /feed/
2013-03-14,vps.taghier.org,207.58.180.139,
2013-03-15,,113.10.201.254,
2013-03-15,goodnewspaper.3322.org,,
2013-03-15,,125.141.149.46,
2013-03-19,,213.186.47.54,"POST /ponyb/gate.php HTTP/1.0 Host: www.rpc-ea.com Accept: */* Accept-Encoding: identity, *;q=0 Content-Length: 277 Connection: close Content-Type: application/octet-stream Content-Encoding: binary User-Agent: Mozilla/4.0 (compatible; MSIE 5.0; Windows 98)  ._c..._>......B.+..2.........|/...a......~?g1.......4.K%......w{..H.3[ . ........w....;.....vA.1.@.h.....g;..^.. ]..=..B.P'l.#B....BwC.....x.$"
2013-03-19,,198.15.67.51,
2013-03-19,,216.87.186.103,
2013-03-19,,216.246.30.181,"GET /cPzw2.exe HTTP/1.0 Host: 216.246.30.181 Accept: */* Accept-Encoding: identity, *;q=0 Connection: close User-Agent: Mozilla/4.0 (compatible; MSIE 5.0; Windows 98)"
2013-03-19,,208.83.209.55,"GET /f3u2GD.exe HTTP/1.0 Host: smartinfotech.ca Accept: */* Accept-Encoding: identity, *;q=0 Connection: close User-Agent: Mozilla/4.0 (compatible; MSIE 5.0; Windows 98)"
2013-03-19,,50.28.69.168,"GET /L3ork1v.exe HTTP/1.0 Host: spireportal.net Accept: */* Accept-Encoding: identity, *;q=0 Connection: close User-Agent: Mozilla/4.0 (compatible; MSIE 5.0; Windows 98)"
2013-03-21,,113.10.201.177,
2013-04-02,spit113.minidns.net,98.143.145.80,GET /images/logo/apple.asp?hostid=3488C6F6&hostname=familypc&hostip=198.18.64.17&filename=travlerbackinfo-2013-4-10-17-57.dll&filestart=0&filetext=begin::EDI
2013-04-16,,120.35.121.14,
2013-04-19,huihuilight.gicp.net,222.209.140.89,
2013-05-03,laraider.pla5.gongyinmy.com,192.210.208.188,"POST /firex/shem.php HTTP/1.1 Accept: */* Content-Type: application/x-www-form-urlencoded Accept-Encoding: gzip, deflate User-Agent: Mozilla/4.0 (compatible; MSIE 7.0; Windows NT 5.1; Trident/4.0) Host: laraider.pla5.gongyinmy.com Content-Length: 172 Connection: Keep-Alive Cache-Control: no-cache"
2013-05-15,doggy-boggy.eicp.net,112.117.61.32,GET /tag=info&id=15 HTTP/1.1
2013-05-26,dtl6.mooo.com,210.209.116.252,
2013-05-30,hello.mjw.bz,223.25.233.248,GET /1025624n.txt HTTP/1.1
2013-05-30,data.downloadstarter.net,176.34.177.58,GET /country.asp?st=0 HTTP/1.1
2013-06-07,,112.121.182.150,
2013-06-21,fast.bacguarp.com,121.127.248.27,
2013-06-24,internet.3-a.net,87.106.253.226,
2013-06-26,,124.95.129.130,
2013-06-26,checkip.dyndns.org,,
2013-07-03,news.firewall-gateway.com,109.169.77.230,
2013-08-01,free1999.jkub.com,5.39.5.183,
2013-08-04,bokeboke.sendsmtp.com,113.196.70.229,
2013-08-14,,113.10.173.179,POST /hash=FFFFFFFFFFFFFFFFFFFFFFFFFFFFFFFF HTTP/1.1
2013-08-14,,218.94.117.234,GET /docs/kernel64.dat HTTP/1.1
2013-08-17,jdk.spdns.eu,109.169.40.172,
2013-08-20,d.bluemsn.tk,96.46.12.85,POST /script HTTP/1.1
2013-09-03,godson355.vicp.cc,202.85.136.181,LURK0... .....x.k
2013-09-07,jdk.ipless.org,184.168.221.85,
2013-09-07,jdk.entrydns.org,127.0.0.3,
2013-09-10,,77.232.12.54,"...E...rZ..@.f..X.5...owner.www.xxxyyyzzz.org.jp..'.,.............................................................................................................................................................................................................."
2013-09-10,,119.194.159.136,
2013-09-26,tibetantimes.ezua.com,37.59.204.143,
2013-10-09,,58.64.129.149,
2013-10-09,,125.141.149.29,
2013-10-09,,125.141.149.23,
2013-10-21,cocohk.8051.my5m.com,59.188.80.51,
2013-11-18,,183.86.194.130,3102....................
2013-12-13,tibelds.ddns.us,192.95.41.147,
2014-02-27,oppoly.dynamic-dns.net,103.24.205.5,POST /12112/12112.php
2014-03-04,,202.130.112.240,
2014-03-14,lenovo.wha.la,37.59.223.178,
2014-03-15,,103.27.109.233,imgod........
2014-06-20,,210.61.248.240,
2014-06-20,sys.firewall-gateway.net,,
2014-06-20,fifaworldcupbrazil2014.info,,
2014-06-20,,95.154.195.159,
2014-07-23,kevin.zzux.com,37.59.223.185,
2014-07-30,carts.dnset.com,46.105.77.164,
2014-08-20,mailindia.imbbs.in,210.209.118.87,LURK0
