sender email,sender ip
eugscadmin@gmail.com,
dawatsering228@yahoo.com,209.11.241.144
ashakiranakash2@yahoo.co.in,121.135.60.3
renisa_lico@gmx.com,64.122.118.150
hientr@gmx.com,65.166.97.211
tomjerry3329@yahoo.com,74.115.42.191
eabliz@gmx.com,65.166.97.211
dolkun.isa@gmx.com,
dolmadekyi@yahoo.com,112.217.219.122
ericenriquez@gmx.com,198.40.51.75
mytenzin@myopera.com,31.172.30.4
uygur0@gmx.com,208.118.244.11
olsiani@gmx.com,209.234.204.30
nongzhijiuye@163.com,199.192.159.213
tenzintara@gmx.com,69.73.160.142
37153941@qq.com,113.195.209.230
alanlau74a@yahoo.com,209.11.241.144
ermira_albania@gmx.com,69.55.157.146
kandid77@rambler.ru,98.126.14.13
jb.lucky@msa.hinet.net,174.35.15.23
lobsang.gangshontsang@gmx.com,
donme_kongra@yahoo.com,111.223.100.134
thoibao@gmx.com,209.234.204.30
tenzin_palden@gmx.com,66.103.141.237
sentang2@yahoo.com,120.50.35.60
tchhojak@yahoo.cn,222.13.174.118
kandid77@rambler.ru,98.126.14.13
chgenkhang1@gmx.com,66.103.141.2
kandid77@rambler.ru,98.126.14.13
tenzindorjee4@gmx.com,220.93.112.114
marken111@163.com,66.79.174.220
lobsang.gangshontsang@gmx.com,198.40.51.75
ztchina@vip.163.com,66.79.161.242
luckytsedol@yahoo.com,209.11.241.144
dorjeetenzin19823@gmx.com,
kungoigc@myopera.com,59.5.213.181
alanlau74a@yahoo.com,220.71.52.229
fdgfhpoop@gmx.com,202.123.68.50
kandid77@rambler.ru,98.126.14.13
albanmirakaj@gmx.com,112.217.219.122
lopnurkulilopnurkuli@yahoo.com,111.223.100.134
newwolfs41@myopera.com,184.82.49.114
tenzin600@myopera.com,184.82.49.114
doityour1@gmx.com,
dawatsering228@yahoo.com,209.11.241.144
host4free@163.com,220.232.214.158
tascsocaltib@yahoo.cn,98.126.107.42
free.tibet@outlook.com,122.180.88.234
ejonarryta@gmx.com,64.124.5.107
kandid77@rambler.ru,98.126.14.13
werwerewr@gmx.com,
tenzindorjee2@gmx.com,198.100.118.48
masteranhtran@gmx.com,112.217.219.122
kandid77@rambler.ru,98.126.14.13
sonam.lama@gmx.com,209.234.204.31
kandid77@rambler.ru,98.126.14.13
minnu952000@yahoo.com,209.11.241.144
libinarts@yahoo.com.cn,120.50.35.60
agnes9@gmx.com,209.234.204.30
nangsitsekhang@gmx.com,209.234.204.31
suzhonghechang@163.com,125.70.67.30
sunny.wang@tncr.com,209.11.241.144
tenzindorjee3@gmx.com,171.216.117.33
tenzindorjee2@gmx.com,59.177.69.216
dolkun.isa@gmx.com,209.217.248.115
dechentsering2009@gmx.com,209.234.204.30
moonj0525@163.com,213.133.150.151
g.ermiri.g@gmx.com,66.103.141.2
rehima.d@gmx.com,64.124.5.107
campaignscoordinatori@rocketmail.com,172.255.107.229
kandid77@rambler.ru,98.126.14.13
osze.diplo.de@gmail.com,82.146.47.163
tenzindorjee2@gmx.com,67.198.175.18
erqiuli@yahoo.com,209.11.241.144
gangchenpakunjo@gmx.com,64.124.5.107
career9@gmx.com,67.18.17.34
amina_kashlik@gmx.com,64.124.5.107
sxffhb36@yahoo.com,120.50.35.60
6688996z@gmail.com,
recallsj@gmx.com,209.234.204.30
tenzindorjee3@gmx.com,198.74.124.3
kalsangdorjee4@myopera.com,23.19.35.2
tibettibetan3@myopera.com,31.172.30.3
ijoni_futbollisti@gmx.com,66.103.141.237
luyndtuongna@gmx.com,209.217.248.115
tibettibetan3@myopera.com,31.172.30.3
devnor26@gmx.com,112.217.219.122
kandid77@rambler.ru,98.126.14.13
tashi.samphei@yahoo.com,216.87.191.179
tenzindorjee2@gmx.com,198.96.93.207
p.pbourke@gtc.org.de,64.135.83.158
penpa.2012@yahoo.com,205.209.131.108
dolmadekyi@yahoo.com,112.217.219.122
anhtrinh@gmx.com,
tibaids@yahoo.co.in,61.178.77.98
erqiuli@yahoo.com,209.11.241.144
citizencivic.09@gmx.com,66.103.141.24
chokteng@gmx.com,74.208.5.67
c100tibet_board@gmx.com,66.103.141.237
wobaifu@163.com,1.56.14.176
uygur52@gmx.com,192.80.148.22
ohhdl@ymail.com,211.232.183.40
tenzindorjee22@gmx.com,198.74.124.3
tenzindorjee21@gmx.com,121.162.61.28
tkanhthu@gmx.com,64.124.5.107
tenzindorjee3@gmx.com,198.74.124.3
karmayeshi60@yahoo.com,192.80.176.253
dorjeetenzin19590101@gmx.com,
elidon_licaj@gmx.com,65.123.243.18
maktov@aport.ru,59.18.103.175
dtichen@vfemail.net,113.195.217.101
daniel.abell@aol.com,174.35.15.23
tenzindorjee2@gmx.com,198.96.93.207
tascsocaltib@yahoo.cn,98.126.107.42
tenzindorjee2@gmx.com,77.247.181.165
citizencivic.09@gmx.com,64.124.5.107
tenzindorjee4@gmx.com,216.218.197.234
tenzindorjee2@gmx.com,198.74.124.3
tenzindorjee2@gmx.com,118.113.253.177
dorjeekalsang1988@gmx.com,
kitapistanbul@yahoo.com,209.234.204.31
kr.mp@gmx.net,198.74.124.3
dorjeetenzin19590101@gmx.com,211.40.125.139
dickeylarsoe@yahoo.com,209.11.241.144
fortunegem@gmx.com,209.234.204.30
tyctenzingnorsang@gmx.com,66.103.141.2
myxtkizi@yahoo.com,61.250.94.36
tenzin600@myopera.com,62.113.219.3
stin@laborsearch.net,58.64.168.87
tibettibetan3@myopera.com,184.82.49.114
chokteng@gmx.com,209.234.204.31
Michael.Colsman@gmx.com,209.234.204.30
tibetmuseum@yahoo.com,5.135.54.66
bdlo64@yandex.ru,209.188.121.199
omersidick@gmx.com,209.234.204.30
free.tibet@outlook.com,14.41.90.13
karmayeshi60@yahoo.com,192.80.176.253
lhasametok@gmx.com,64.124.5.107
karma.lobsang@gmx.com,208.118.244.110
tenzindorjee3@gmx.com,121.162.61.28
alicia@cat72.com,202.123.68.50
tseten@gmx.com,64.124.5.107
renisa_lico@gmx.com,64.124.5.107
psjiangzuo@163.com,174.139.21.26
ambaranalia@gmx.com,65.123.243.18
minnu952000@yahoo.com,
dechentsering2009@gmx.com,65.123.243.18
jigmey1@gmx.com,209.234.204.30
bhututu@yahoo.com,65.166.97.211
tibettibetan3@myopera.com,50.136.226.40
andromeda@agathae.com,202.123.68.50
tenzin600@myopera.com,184.82.49.114
alexaindia@gmx.com,65.166.97.211
tdhonyo@gmx.com,65.166.97.211
albanmirakaj@gmx.com,67.38.136.41
eugscadmin@gmail.com,
minnu952000@yahoo.com,209.11.241.144
tenzindorjee22@gmx.com,198.74.124.3
appocovi@gmx.com,65.166.97.211
tenzindorjee2@gmx.com,198.74.124.3
erqiuli@yahoo.com,209.11.241.144
kandid77@rambler.ru,98.126.14.13
killian@cbiowa.com,216.58.247.233
mytenzin@myopera.com,184.82.49.114
oppoly@gmx.com,
alicia@cbiowa.com,216.58.247.233
oppoly@gmx.com,
musicmalia@gmx.com,209.234.204.30
ohhdl@ymail.com,211.232.183.40
hoaithanhnguyen@gmx.com,209.234.204.30
hanslatifi@gmx.com,65.166.97.211
alimkerim@gmx.com,74.208.5.67
albano_kuqo@gmx.com,209.234.204.30
alicia@cat72.com,80.69.71.82
EmeryGirona@islandales.co.uk,190.43.82.29
mingming12310@hezi.ca,99.244.203.130
KylieShouldice@btinternet.com,88.204.167.162
campaignscoordinatori@rocketmail.com,216.172.156.180
tibetcity@yahoo.com,209.234.204.31
tibetfunds@yahoo.com,61.250.94.36
lobsang.gangshontsang@gmx.com,66.103.141.2
nangsitsekhang@gmx.com,209.234.204.31
kr.mp@gmx.net,198.74.124.3
mariaxczou1@yeah.net,
osze.diplo.de@gmail.com,82.146.47.163
iltebira@gmx.com,64.27.2.134
tparliament1@aol.com,23.244.155.132
kamberid@gmx.com,209.234.204.30
dorjeetenzin19822@gmx.com,110.184.100.1
diiir@ymail.com,121.254.235.50
hoang.dominic@gmx.com,65.123.243.18
tenzindorjee2@gmx.com,198.96.93.207
master@hkc-c.com,203.186.54.193
marken111@163.com,66.79.174.219
jigmey1@gmx.com,65.166.97.211
tenzinedhondup@vip.163.com,66.79.174.219
olsiani@gmx.com,209.234.204.30
thoibao@gmx.com,209.234.204.30
tenzindorjee3@gmx.com,106.51.183.114
tenzindorjee21@gmx.com,198.96.93.207
tenzindorjee2@gmx.com,77.247.181.165
elidon_licaj@gmx.com,65.123.243.18
angie.hoquang@gmx.com,209.234.204.30
oppolyly@gmx.com,103.24.205.5
vuaxubien@gmx.com,209.234.204.30
tenzindorjee4@gmx.com,198.74.124.3
jit_bhatt51@yahoo.co.in,89.110.52.18
tenzindorjee3@gmx.com,216.218.197.234
chokteng@gmx.com,65.166.97.211
sysutiyubu@163.com,222.212.213.197
abarbour@gmx.com,65.166.97.211
agnes9@gmx.com,207.178.172.2
thuanbolton@gmx.com,66.103.141.237
mikeli_88@gmx.com,209.234.204.30
oppolyly@gmx.com,
goodgoodstudy@gmx.com,198.74.124.3
oppolyly@gmx.com,
werwerewr@gmx.com,
zgzwxsxx@163.com,174.139.21.26
sysutiyubu@163.com,176.34.24.136
elysium306@gmx.com,210.209.116.252
